{
	"info": {
		"_postman_id": "128dbb30-80d1-4fc6-84de-127db0585805",
		"name": "API for studing(BR) negative",
		"schema": "https://schema.getpostman.com/json/collection/v2.1.0/collection.json",
		"_exporter_id": "23656922"
	},
	"item": [
		{
			"name": "CREATE user negative",
			"event": [
				{
					"listen": "test",
					"script": {
						"exec": [
							"pm.test(\"Status code is 200\", function () {",
							"    pm.response.to.have.status(400);",
							"});",
							"pm.collectionVariables.set(\"userId\", pm.response.json().id);",
							"",
							"pm.test(\"age is 25\", function () {",
							"    var jsonData = pm.response.json();",
							"    pm.expect(jsonData.age).to.eql(28);",
							"});"
						],
						"type": "text/javascript"
					}
				}
			],
			"request": {
				"method": "POST",
				"header": [],
				"body": {
					"mode": "raw",
					"raw": "{\n    \"age\": {{age}},\n    \"city\": \"{{city}}\",\n    \"gender\": \"{{gender}}\",\n    \"name\": \"{{name }}\"\n}",
					"options": {
						"raw": {
							"language": "json"
						}
					}
				},
				"url": {
					"raw": "{{base_url}}/users",
					"host": [
						"{{base_url}}"
					],
					"path": [
						"users"
					]
				}
			},
			"response": []
		},
		{
			"name": "GET user negative",
			"event": [
				{
					"listen": "test",
					"script": {
						"exec": [
							"pm.test(\"Status code is 200\", function () {",
							"    pm.response.to.have.status(400);",
							"});",
							"pm.test(\"is city Kyiv \", function () {",
							"    var jsonData = pm.response.json();",
							"    pm.expect(jsonData.city).to.eql(\"Kyiv\");",
							"});"
						],
						"type": "text/javascript"
					}
				}
			],
			"protocolProfileBehavior": {
				"disableBodyPruning": true
			},
			"request": {
				"method": "GET",
				"header": [],
				"body": {
					"mode": "raw",
					"raw": "{\n\"name\": \"Anastasiia\",\n\"age\": 25,\n\"gender\":\"female\",\n\"city\": \"Lviv\"\n}",
					"options": {
						"raw": {
							"language": "json"
						}
					}
				},
				"url": {
					"raw": "{{base_url}}/users?id={{userId}}",
					"host": [
						"{{base_url}}"
					],
					"path": [
						"users"
					],
					"query": [
						{
							"key": "id",
							"value": "{{userId}}"
						}
					]
				}
			},
			"response": []
		},
		{
			"name": "UPDATE user negative",
			"event": [
				{
					"listen": "test",
					"script": {
						"exec": [
							"pm.test(\"Status code is 200\", function () {",
							"    pm.response.to.have.status(500);",
							"});",
							"pm.test(\"is gender male?\", function () {",
							"    var jsonData = pm.response.json();",
							"    pm.expect(jsonData.gender).to.eql(\"famele\");",
							"});",
							"pm.test(\"is name Tim?\", function () {",
							"    var jsonData = pm.response.json();",
							"    pm.expect(jsonData.name).to.eql(\"Tim\");",
							"});",
							""
						],
						"type": "text/javascript"
					}
				}
			],
			"request": {
				"method": "PUT",
				"header": [],
				"body": {
					"mode": "raw",
					"raw": "{\n    \"age\": 29,\n    \"city\": \"Lviv\",\n    \"gender\": \"male\",\n    \"name\": \"Rostyslav\",\n    \"id\": \"{{userId}}\"\n}",
					"options": {
						"raw": {
							"language": "json"
						}
					}
				},
				"url": {
					"raw": "{{base_url}}/users",
					"host": [
						"{{base_url}}"
					],
					"path": [
						"users"
					]
				}
			},
			"response": []
		},
		{
			"name": "DELETE user negative",
			"event": [
				{
					"listen": "test",
					"script": {
						"exec": [
							"pm.test(\"Status code is 200\", function () {",
							"    pm.response.to.have.status(100);",
							"});",
							"pm.test(\"Is user deleted?\", function () {",
							"    pm.expect(pm.response.text()).to.include(\"User isn't deleted\");",
							"});"
						],
						"type": "text/javascript"
					}
				}
			],
			"request": {
				"method": "DELETE",
				"header": [],
				"body": {
					"mode": "raw",
					"raw": "",
					"options": {
						"raw": {
							"language": "json"
						}
					}
				},
				"url": {
					"raw": "{{base_url}}/users?id={{userId}}",
					"host": [
						"{{base_url}}"
					],
					"path": [
						"users"
					],
					"query": [
						{
							"key": "id",
							"value": "{{userId}}"
						}
					]
				}
			},
			"response": []
		}
	],
	"event": [
		{
			"listen": "prerequest",
			"script": {
				"type": "text/javascript",
				"exec": [
					""
				]
			}
		},
		{
			"listen": "test",
			"script": {
				"type": "text/javascript",
				"exec": [
					""
				]
			}
		}
	],
	"variable": [
		{
			"key": "base_url",
			"value": ""
		},
		{
			"key": "userId",
			"value": ""
		},
		{
			"key": "city",
			"value": "Lviv",
			"type": "string"
		},
		{
			"key": "name ",
			"value": "Anastasiia",
			"type": "string"
		},
		{
			"key": "age",
			"value": "25",
			"type": "string"
		},
		{
			"key": "gender",
			"value": "female",
			"type": "string"
		}
	]
}